friendly_name,original_field_name,page,field_type,caption,state_options,max_length,access
p1_for_calendar_year_20,topmostSubform[0].Page1[0].f1_1[0],1,Text,For calendar year 20,,2,
p1_or_tax_year_beginning,topmostSubform[0].Page1[0].f1_2[0],1,Text,", or tax year beginning",,,
p1_20,topmostSubform[0].Page1[0].f1_3[0],1,Text,", 20",,2,
p1_ending,topmostSubform[0].Page1[0].f1_4[0],1,Text,", ending",,,
p1_20_2,topmostSubform[0].Page1[0].f1_5[0],1,Text,", 20",,2,
initial_return,topmostSubform[0].Page1[0].c1_1[0],1,Button,Initial return,1,,
final_return,topmostSubform[0].Page1[0].c1_2[0],1,Button,Final return,1,,
amended_return,topmostSubform[0].Page1[0].c1_3[0],1,Button,Amended return,1,,
individual,topmostSubform[0].Page1[0].c1_4[0],1,Button,Individual,1,,
partnership,topmostSubform[0].Page1[0].c1_4[1],1,Button,Partnership,2,,
corporation,topmostSubform[0].Page1[0].c1_4[2],1,Button,Corporation,3,,
trust,topmostSubform[0].Page1[0].c1_4[3],1,Button,Trust,4,,
executor,topmostSubform[0].Page1[0].c1_4[4],1,Button,Executor,5,,
check_excepted_specified_foreign_financial_assets_are_reported_on_this_form,topmostSubform[0].Page1[0].c1_5[0],1,Button,Check if any excepted specified foreign financial assets are reported on this form. See instructions,1,,
p1_topmostsubform_0_page1_0_c1_6_0,topmostSubform[0].Page1[0].c1_6[0],1,Button,,1,,
p1_topmostsubform_0_page1_0_c1_7_0,topmostSubform[0].Page1[0].c1_7[0],1,Button,,1,,
p1_topmostsubform_0_page1_0_c1_8_0,topmostSubform[0].Page1[0].c1_8[0],1,Button,,1,,
p1_topmostsubform_0_page1_0_c1_9_0,topmostSubform[0].Page1[0].c1_9[0],1,Button,,1,,
taxpayer_name,topmostSubform[0].Page1[0].f1_6[0],1,Text,1a Name of U.S. person(s) with respect to whom this Form 3520 is being filed (see instructions),,,
taxpayer_tin,topmostSubform[0].Page1[0].f1_7[0],1,Text,b Taxpayer identification number (TIN),,11,
p1_c_number_street_and_room_or_suite_no_if_a_p_o_box,topmostSubform[0].Page1[0].f1_8[0],1,Text,"c Number, street, and room or suite no. If a P.O. box, see instructions.",,,
p1_d_spouses_tin,topmostSubform[0].Page1[0].f1_9[0],1,Text,d Spouse’s TIN,,11,
p1_e_city_or_town,topmostSubform[0].Page1[0].f1_10[0],1,Text,e City or town,,,
p1_f_state_or_province,topmostSubform[0].Page1[0].f1_11[0],1,Text,f State or province,,,
taxpayer_postal_code,topmostSubform[0].Page1[0].f1_12[0],1,Text,g ZIP or foreign postal code,,,
p1_h_country,topmostSubform[0].Page1[0].f1_13[0],1,Text,h Country,,,
if_you_are_filing_with_your_spouse_a_current_year_joint_income_tax_return_and_a_joint_form_3520_check_this_box,topmostSubform[0].Page1[0].c1_10[0],1,Button,"If you are filing with your spouse a current-year joint income tax return and a joint Form 3520, check this box",1,,
if_an_automatic_2_month_extension_applies_for_the_u_s_persons_tax_return_check_this_box_and_attach_statement,topmostSubform[0].Page1[0].c1_11[0],1,Button,"If an automatic 2-month extension applies for the U.S. person’s tax return, check this box and attach statement. See instructions",1,,
if_an_extension_was_requested_for_the_tax_return_check_this_box,topmostSubform[0].Page1[0].c1_12[0],1,Button,"If an extension was requested for the tax return, check this box",1,,
p1_and_enter_the_form_number_of_the_tax_return_to_be_filed,topmostSubform[0].Page1[0].f1_14[0],1,Text,and enter the form number of the tax return to be filed:,,,
p1_2a_name_of_foreign_trust_if_applicable,topmostSubform[0].Page1[0].f1_15[0],1,Text,2a Name of foreign trust (if applicable),,,
p1_b_employer_identification_number_ein,topmostSubform[0].Page1[0].f1_16[0],1,Text,"b Employer identification number (EIN), if any",,10,
p1_c_number_street_and_room_or_suite_no_if_a_p_o_box_2,topmostSubform[0].Page1[0].f1_17[0],1,Text,"c Number, street, and room or suite no. If a P.O. box, see instructions.",,,
p1_d_date_foreign_trust_was_created,topmostSubform[0].Page1[0].f1_18[0],1,Text,d Date foreign trust was created,,,
p1_e_city_or_town_2,topmostSubform[0].Page1[0].f1_19[0],1,Text,e City or town,,,
p1_f_state_or_province_2,topmostSubform[0].Page1[0].f1_20[0],1,Text,f State or province,,,
taxpayer_postal_code_2,topmostSubform[0].Page1[0].f1_21[0],1,Text,g ZIP or foreign postal code,,,
p1_h_country_2,topmostSubform[0].Page1[0].f1_22[0],1,Text,h Country,,,
p1_topmostsubform_0_page1_0_c1_13_0_yes,topmostSubform[0].Page1[0].c1_13[0],1,Button,Yes,1,,
p1_topmostsubform_0_page1_0_c1_13_1_no,topmostSubform[0].Page1[0].c1_13[1],1,Button,No,2,,
p1_3a_name_of_u_s_agent,topmostSubform[0].Page1[0].f1_23[0],1,Text,3a Name of U.S. agent,,,
p1_b_tin,topmostSubform[0].Page1[0].f1_24[0],1,Text,"b TIN, if any",,11,
p1_c_number_street_and_room_or_suite_no_if_a_p_o_box_3,topmostSubform[0].Page1[0].f1_25[0],1,Text,"c Number, street, and room or suite no. If a P.O. box, see instructions.",,,
p1_d_city_or_town,topmostSubform[0].Page1[0].f1_26[0],1,Text,d City or town,,,
p1_e_state_or_province,topmostSubform[0].Page1[0].f1_27[0],1,Text,e State or province,,,
taxpayer_postal_code_3,topmostSubform[0].Page1[0].f1_28[0],1,Text,f ZIP or postal code,,,
p1_g_country,topmostSubform[0].Page1[0].f1_29[0],1,Text,g Country,,,
p1_4a_name_of_u_s_decedent,topmostSubform[0].Page1[0].f1_30[0],1,Text,4a Name of U.S. decedent (see instructions),,,
p1_b_address,topmostSubform[0].Page1[0].f1_31[0],1,Text,b Address,,,
p1_c_tin_of_decedent,topmostSubform[0].Page1[0].f1_32[0],1,Text,c TIN of decedent,,11,
p1_d_date_of_death,topmostSubform[0].Page1[0].f1_33[0],1,Text,d Date of death,,,
p1_e_ein_of_estate,topmostSubform[0].Page1[0].f1_34[0],1,Text,e EIN of estate,,10,
u_s_decedent_made_transfer_to_a_foreign_trust_by_reason_of_death,topmostSubform[0].Page1[0].c1_14[0],1,Button,U.S. decedent made transfer to a foreign trust by reason of death.,1,,
u_s_decedent_treated_as_owner_of_foreign_trust_immediately_prior_to_death,topmostSubform[0].Page1[0].c1_14[1],1,Button,U.S. decedent treated as owner of foreign trust immediately prior to death.,2,,
assets_of_foreign_trust_were_included_in_estate_of_u_s_decedent,topmostSubform[0].Page1[0].c1_14[2],1,Button,Assets of foreign trust were included in estate of U.S. decedent.,3,,
p2_5a_name_of_trust_creator,topmostSubform[0].Page2[0].f2_1[0],2,Text,5a Name of trust creator,,,
p2_b_address,topmostSubform[0].Page2[0].f2_2[0],2,Text,b Address,,,
p2_c_tin,topmostSubform[0].Page2[0].f2_3[0],2,Text,"c TIN, if any",,11,
p2_6a_country_code_of_country_where_trust_was_created,topmostSubform[0].Page2[0].f2_4[0],2,Text,6a Country code of country where trust was created,,,
p2_b_country_code_of_country_whose_law_governs_the_trust,topmostSubform[0].Page2[0].f2_5[0],2,Text,b Country code of country whose law governs the trust,,,
p2_c_date_trust_was_created,topmostSubform[0].Page2[0].f2_6[0],2,Text,c Date trust was created,,,
p2_topmostsubform_0_page2_0_c2_1_0_yes,topmostSubform[0].Page2[0].c2_1[0],2,Button,Yes,1,,
p2_topmostsubform_0_page2_0_c2_1_1_no,topmostSubform[0].Page2[0].c2_1[1],2,Button,No,2,,
p2_topmostsubform_0_page2_0_table_line7b_0_row1_0_f2_7_0,topmostSubform[0].Page2[0].Table_Line7b[0].Row1[0].f2_7[0],2,Text,,,,
p2_topmostsubform_0_page2_0_table_line7b_0_row1_0_f2_8_0,topmostSubform[0].Page2[0].Table_Line7b[0].Row1[0].f2_8[0],2,Text,,,,
p2_topmostsubform_0_page2_0_table_line7b_0_row1_0_f2_9_0,topmostSubform[0].Page2[0].Table_Line7b[0].Row1[0].f2_9[0],2,Text,,,,
p2_topmostsubform_0_page2_0_table_line7b_0_row1_0_f2_10_0,topmostSubform[0].Page2[0].Table_Line7b[0].Row1[0].f2_10[0],2,Text,,,11,
p2_topmostsubform_0_page2_0_table_line7b_0_row1_0_f2_11_0,topmostSubform[0].Page2[0].Table_Line7b[0].Row1[0].f2_11[0],2,Text,,,,
p2_topmostsubform_0_page2_0_table_line7b_0_row2_0_f2_12_0,topmostSubform[0].Page2[0].Table_Line7b[0].Row2[0].f2_12[0],2,Text,,,,
p2_topmostsubform_0_page2_0_table_line7b_0_row2_0_f2_13_0,topmostSubform[0].Page2[0].Table_Line7b[0].Row2[0].f2_13[0],2,Text,,,,
p2_topmostsubform_0_page2_0_table_line7b_0_row2_0_f2_14_0,topmostSubform[0].Page2[0].Table_Line7b[0].Row2[0].f2_14[0],2,Text,,,,
p2_topmostsubform_0_page2_0_table_line7b_0_row2_0_f2_15_0,topmostSubform[0].Page2[0].Table_Line7b[0].Row2[0].f2_15[0],2,Text,,,11,
p2_topmostsubform_0_page2_0_table_line7b_0_row2_0_f2_16_0,topmostSubform[0].Page2[0].Table_Line7b[0].Row2[0].f2_16[0],2,Text,,,,
p2_topmostsubform_0_page2_0_table_line7b_0_row3_0_f2_17_0,topmostSubform[0].Page2[0].Table_Line7b[0].Row3[0].f2_17[0],2,Text,,,,
p2_topmostsubform_0_page2_0_table_line7b_0_row3_0_f2_18_0,topmostSubform[0].Page2[0].Table_Line7b[0].Row3[0].f2_18[0],2,Text,,,,
p2_topmostsubform_0_page2_0_table_line7b_0_row3_0_f2_19_0,topmostSubform[0].Page2[0].Table_Line7b[0].Row3[0].f2_19[0],2,Text,,,,
p2_topmostsubform_0_page2_0_table_line7b_0_row3_0_f2_20_0,topmostSubform[0].Page2[0].Table_Line7b[0].Row3[0].f2_20[0],2,Text,,,11,
p2_topmostsubform_0_page2_0_table_line7b_0_row3_0_f2_21_0,topmostSubform[0].Page2[0].Table_Line7b[0].Row3[0].f2_21[0],2,Text,,,,
p2_topmostsubform_0_page2_0_c2_2_0_yes,topmostSubform[0].Page2[0].c2_2[0],2,Button,Yes,1,,
p2_topmostsubform_0_page2_0_c2_2_1_no,topmostSubform[0].Page2[0].c2_2[1],2,Button,No,2,,
p2_topmostsubform_0_page2_0_c2_3_0_yes,topmostSubform[0].Page2[0].c2_3[0],2,Button,Yes,1,,
p2_topmostsubform_0_page2_0_c2_3_1_no,topmostSubform[0].Page2[0].c2_3[1],2,Button,No,2,,
p2_topmostsubform_0_page2_0_c2_4_0_yes,topmostSubform[0].Page2[0].c2_4[0],2,Button,Yes,1,,
p2_topmostsubform_0_page2_0_c2_4_1_no,topmostSubform[0].Page2[0].c2_4[1],2,Button,No,2,,
p2_topmostsubform_0_page2_0_c2_5_0_yes,topmostSubform[0].Page2[0].c2_5[0],2,Button,Yes,1,,readOnly
p2_topmostsubform_0_page2_0_c2_5_1_no,topmostSubform[0].Page2[0].c2_5[1],2,Button,No,2,,readOnly
p2_topmostsubform_0_page2_0_c2_6_0_yes,topmostSubform[0].Page2[0].c2_6[0],2,Button,Yes,1,,
p2_topmostsubform_0_page2_0_c2_6_1_no,topmostSubform[0].Page2[0].c2_6[1],2,Button,No,2,,
p2_topmostsubform_0_page2_0_c2_7_0_yes,topmostSubform[0].Page2[0].c2_7[0],2,Button,Yes,1,,
p2_topmostsubform_0_page2_0_c2_7_1_no,topmostSubform[0].Page2[0].c2_7[1],2,Button,No,2,,
p2_topmostsubform_0_page2_0_table_line11b_0_row1_0_f2_22_0,topmostSubform[0].Page2[0].Table_Line11b[0].Row1[0].f2_22[0],2,Text,,,,
p2_topmostsubform_0_page2_0_table_line11b_0_row1_0_f2_23_0,topmostSubform[0].Page2[0].Table_Line11b[0].Row1[0].f2_23[0],2,Text,,,,
p2_topmostsubform_0_page2_0_table_line11b_0_row1_0_f2_24_0,topmostSubform[0].Page2[0].Table_Line11b[0].Row1[0].f2_24[0],2,Text,,,,
p2_topmostsubform_0_page2_0_table_line11b_0_row1_0_f2_25_0,topmostSubform[0].Page2[0].Table_Line11b[0].Row1[0].f2_25[0],2,Text,,,,
p2_topmostsubform_0_page2_0_table_line11b_0_row2_0_f2_26_0,topmostSubform[0].Page2[0].Table_Line11b[0].Row2[0].f2_26[0],2,Text,,,,
p2_topmostsubform_0_page2_0_table_line11b_0_row2_0_f2_27_0,topmostSubform[0].Page2[0].Table_Line11b[0].Row2[0].f2_27[0],2,Text,,,,
p2_topmostsubform_0_page2_0_table_line11b_0_row2_0_f2_28_0,topmostSubform[0].Page2[0].Table_Line11b[0].Row2[0].f2_28[0],2,Text,,,,
p2_topmostsubform_0_page2_0_table_line11b_0_row2_0_f2_29_0,topmostSubform[0].Page2[0].Table_Line11b[0].Row2[0].f2_29[0],2,Text,,,,
p2_topmostsubform_0_page2_0_table_line11b_0_row3_0_f2_30_0,topmostSubform[0].Page2[0].Table_Line11b[0].Row3[0].f2_30[0],2,Text,,,,
p2_topmostsubform_0_page2_0_table_line11b_0_row3_0_f2_31_0,topmostSubform[0].Page2[0].Table_Line11b[0].Row3[0].f2_31[0],2,Text,,,,
p2_topmostsubform_0_page2_0_table_line11b_0_row3_0_f2_32_0,topmostSubform[0].Page2[0].Table_Line11b[0].Row3[0].f2_32[0],2,Text,,,,
p2_topmostsubform_0_page2_0_table_line11b_0_row3_0_f2_33_0,topmostSubform[0].Page2[0].Table_Line11b[0].Row3[0].f2_33[0],2,Text,,,,
p2_topmostsubform_0_page2_0_c2_8_0_yes,topmostSubform[0].Page2[0].c2_8[0],2,Button,Yes,1,,
p2_topmostsubform_0_page2_0_c2_8_1_no,topmostSubform[0].Page2[0].c2_8[1],2,Button,No,2,,
p2_topmostsubform_0_page2_0_c2_9_0_yes,topmostSubform[0].Page2[0].c2_9[0],2,Button,Yes,1,,
p2_topmostsubform_0_page2_0_c2_9_1_no,topmostSubform[0].Page2[0].c2_9[1],2,Button,No,2,,
p2_topmostsubform_0_page2_0_table_line13_0_row1_0_f2_34_0,topmostSubform[0].Page2[0].Table_Line13[0].Row1[0].f2_34[0],2,Text,,,,
p2_topmostsubform_0_page2_0_table_line13_0_row1_0_f2_35_0,topmostSubform[0].Page2[0].Table_Line13[0].Row1[0].f2_35[0],2,Text,,,,
p2_topmostsubform_0_page2_0_table_line13_0_row1_0_f2_36_0,topmostSubform[0].Page2[0].Table_Line13[0].Row1[0].f2_36[0],2,Text,,,,
p2_topmostsubform_0_page2_0_table_line13_0_row1_0_f2_37_0,topmostSubform[0].Page2[0].Table_Line13[0].Row1[0].f2_37[0],2,Text,,,,
p2_topmostsubform_0_page2_0_table_line13_0_row1_0_f2_38_0,topmostSubform[0].Page2[0].Table_Line13[0].Row1[0].f2_38[0],2,Text,,,,
p2_topmostsubform_0_page2_0_table_line13_0_row1_0_f2_39_0,topmostSubform[0].Page2[0].Table_Line13[0].Row1[0].f2_39[0],2,Text,,,,
p2_topmostsubform_0_page2_0_table_line13_0_row1_0_f2_40_0,topmostSubform[0].Page2[0].Table_Line13[0].Row1[0].f2_40[0],2,Text,,,,
p2_topmostsubform_0_page2_0_table_line13_0_row1_0_f2_41_0,topmostSubform[0].Page2[0].Table_Line13[0].Row1[0].f2_41[0],2,Text,,,,
p2_topmostsubform_0_page2_0_table_line13_0_row1_0_f2_42_0,topmostSubform[0].Page2[0].Table_Line13[0].Row1[0].f2_42[0],2,Text,,,,
p2_topmostsubform_0_page2_0_table_line13_0_row2_0_f2_43_0,topmostSubform[0].Page2[0].Table_Line13[0].Row2[0].f2_43[0],2,Text,,,,
p2_topmostsubform_0_page2_0_table_line13_0_row2_0_f2_44_0,topmostSubform[0].Page2[0].Table_Line13[0].Row2[0].f2_44[0],2,Text,,,,
p2_topmostsubform_0_page2_0_table_line13_0_row2_0_f2_45_0,topmostSubform[0].Page2[0].Table_Line13[0].Row2[0].f2_45[0],2,Text,,,,
p2_topmostsubform_0_page2_0_table_line13_0_row2_0_f2_46_0,topmostSubform[0].Page2[0].Table_Line13[0].Row2[0].f2_46[0],2,Text,,,,
p2_topmostsubform_0_page2_0_table_line13_0_row2_0_f2_47_0,topmostSubform[0].Page2[0].Table_Line13[0].Row2[0].f2_47[0],2,Text,,,,
p2_topmostsubform_0_page2_0_table_line13_0_row2_0_f2_48_0,topmostSubform[0].Page2[0].Table_Line13[0].Row2[0].f2_48[0],2,Text,,,,
p2_topmostsubform_0_page2_0_table_line13_0_row2_0_f2_49_0,topmostSubform[0].Page2[0].Table_Line13[0].Row2[0].f2_49[0],2,Text,,,,
p2_topmostsubform_0_page2_0_table_line13_0_row2_0_f2_50_0,topmostSubform[0].Page2[0].Table_Line13[0].Row2[0].f2_50[0],2,Text,,,,
p2_topmostsubform_0_page2_0_table_line13_0_row2_0_f2_51_0,topmostSubform[0].Page2[0].Table_Line13[0].Row2[0].f2_51[0],2,Text,,,,
p2_topmostsubform_0_page2_0_table_line13_0_row3_0_f2_52_0,topmostSubform[0].Page2[0].Table_Line13[0].Row3[0].f2_52[0],2,Text,,,,
p2_topmostsubform_0_page2_0_table_line13_0_row3_0_f2_53_0,topmostSubform[0].Page2[0].Table_Line13[0].Row3[0].f2_53[0],2,Text,,,,
p2_topmostsubform_0_page2_0_table_line13_0_row3_0_f2_54_0,topmostSubform[0].Page2[0].Table_Line13[0].Row3[0].f2_54[0],2,Text,,,,
p2_topmostsubform_0_page2_0_table_line13_0_row3_0_f2_55_0,topmostSubform[0].Page2[0].Table_Line13[0].Row3[0].f2_55[0],2,Text,,,,
p2_topmostsubform_0_page2_0_table_line13_0_row3_0_f2_56_0,topmostSubform[0].Page2[0].Table_Line13[0].Row3[0].f2_56[0],2,Text,,,,
p2_topmostsubform_0_page2_0_table_line13_0_row3_0_f2_57_0,topmostSubform[0].Page2[0].Table_Line13[0].Row3[0].f2_57[0],2,Text,,,,
p2_topmostsubform_0_page2_0_table_line13_0_row3_0_f2_58_0,topmostSubform[0].Page2[0].Table_Line13[0].Row3[0].f2_58[0],2,Text,,,,
p2_topmostsubform_0_page2_0_table_line13_0_row3_0_f2_59_0,topmostSubform[0].Page2[0].Table_Line13[0].Row3[0].f2_59[0],2,Text,,,,
p2_topmostsubform_0_page2_0_table_line13_0_row3_0_f2_60_0,topmostSubform[0].Page2[0].Table_Line13[0].Row3[0].f2_60[0],2,Text,,,,
p2_topmostsubform_0_page2_0_totals_0_f2_61_0,topmostSubform[0].Page2[0].Totals[0].f2_61[0],2,Text,$,,,
p2_topmostsubform_0_page2_0_totals_0_f2_62_0,topmostSubform[0].Page2[0].Totals[0].f2_62[0],2,Text,$,,,
p2_topmostsubform_0_page2_0_table_line14_0_line14a_0_c2_10_0,topmostSubform[0].Page2[0].Table_Line14[0].Line14a[0].c2_10[0],2,Button,,1,,
p2_topmostsubform_0_page2_0_table_line14_0_line14a_0_c2_10_1,topmostSubform[0].Page2[0].Table_Line14[0].Line14a[0].c2_10[1],2,Button,,2,,
p2_topmostsubform_0_page2_0_table_line14_0_line14a_0_c2_10_2,topmostSubform[0].Page2[0].Table_Line14[0].Line14a[0].c2_10[2],2,Button,,3,,
p2_topmostsubform_0_page2_0_table_line14_0_line14a_0_f2_63_0,topmostSubform[0].Page2[0].Table_Line14[0].Line14a[0].f2_63[0],2,Text,,,4,
p2_topmostsubform_0_page2_0_table_line14_0_line14b_0_c2_11_0,topmostSubform[0].Page2[0].Table_Line14[0].Line14b[0].c2_11[0],2,Button,,1,,
p2_topmostsubform_0_page2_0_table_line14_0_line14b_0_c2_11_1,topmostSubform[0].Page2[0].Table_Line14[0].Line14b[0].c2_11[1],2,Button,,2,,
p2_topmostsubform_0_page2_0_table_line14_0_line14b_0_c2_11_2,topmostSubform[0].Page2[0].Table_Line14[0].Line14b[0].c2_11[2],2,Button,,3,,
p2_topmostsubform_0_page2_0_table_line14_0_line14b_0_f2_64_0,topmostSubform[0].Page2[0].Table_Line14[0].Line14b[0].f2_64[0],2,Text,,,4,
p2_topmostsubform_0_page2_0_table_line14_0_line14c_0_c2_12_0,topmostSubform[0].Page2[0].Table_Line14[0].Line14c[0].c2_12[0],2,Button,,1,,
p2_topmostsubform_0_page2_0_table_line14_0_line14c_0_c2_12_1,topmostSubform[0].Page2[0].Table_Line14[0].Line14c[0].c2_12[1],2,Button,,2,,
p2_topmostsubform_0_page2_0_table_line14_0_line14c_0_c2_12_2,topmostSubform[0].Page2[0].Table_Line14[0].Line14c[0].c2_12[2],2,Button,,3,,
p2_topmostsubform_0_page2_0_table_line14_0_line14c_0_f2_65_0,topmostSubform[0].Page2[0].Table_Line14[0].Line14c[0].f2_65[0],2,Text,,,4,
p3_topmostsubform_0_page3_0_table_line15_0_row1_0_f3_1_0,topmostSubform[0].Page3[0].Table_Line15[0].Row1[0].f3_1[0],3,Text,,,,
p3_topmostsubform_0_page3_0_table_line15_0_row1_0_f3_2_0,topmostSubform[0].Page3[0].Table_Line15[0].Row1[0].f3_2[0],3,Text,,,,
p3_topmostsubform_0_page3_0_table_line15_0_row1_0_c3_1_0,topmostSubform[0].Page3[0].Table_Line15[0].Row1[0].c3_1[0],3,Button,,1,,
p3_topmostsubform_0_page3_0_table_line15_0_row1_0_c3_1_1,topmostSubform[0].Page3[0].Table_Line15[0].Row1[0].c3_1[1],3,Button,,2,,
p3_topmostsubform_0_page3_0_table_line15_0_row1_0_f3_3_0,topmostSubform[0].Page3[0].Table_Line15[0].Row1[0].f3_3[0],3,Text,,,11,
p3_topmostsubform_0_page3_0_table_line15_0_row2_0_f3_4_0,topmostSubform[0].Page3[0].Table_Line15[0].Row2[0].f3_4[0],3,Text,,,,
p3_topmostsubform_0_page3_0_table_line15_0_row2_0_f3_5_0,topmostSubform[0].Page3[0].Table_Line15[0].Row2[0].f3_5[0],3,Text,,,,
p3_topmostsubform_0_page3_0_table_line15_0_row2_0_c3_2_0,topmostSubform[0].Page3[0].Table_Line15[0].Row2[0].c3_2[0],3,Button,,1,,
p3_topmostsubform_0_page3_0_table_line15_0_row2_0_c3_2_1,topmostSubform[0].Page3[0].Table_Line15[0].Row2[0].c3_2[1],3,Button,,2,,
p3_topmostsubform_0_page3_0_table_line15_0_row2_0_f3_6_0,topmostSubform[0].Page3[0].Table_Line15[0].Row2[0].f3_6[0],3,Text,,,11,
p3_topmostsubform_0_page3_0_table_line15_0_row3_0_f3_7_0,topmostSubform[0].Page3[0].Table_Line15[0].Row3[0].f3_7[0],3,Text,,,,
p3_topmostsubform_0_page3_0_table_line15_0_row3_0_f3_8_0,topmostSubform[0].Page3[0].Table_Line15[0].Row3[0].f3_8[0],3,Text,,,,
p3_topmostsubform_0_page3_0_table_line15_0_row3_0_c3_3_0,topmostSubform[0].Page3[0].Table_Line15[0].Row3[0].c3_3[0],3,Button,,1,,
p3_topmostsubform_0_page3_0_table_line15_0_row3_0_c3_3_1,topmostSubform[0].Page3[0].Table_Line15[0].Row3[0].c3_3[1],3,Button,,2,,
p3_topmostsubform_0_page3_0_table_line15_0_row3_0_f3_9_0,topmostSubform[0].Page3[0].Table_Line15[0].Row3[0].f3_9[0],3,Text,,,11,
p3_topmostsubform_0_page3_0_table_line15_0_row4_0_f3_10_0,topmostSubform[0].Page3[0].Table_Line15[0].Row4[0].f3_10[0],3,Text,,,,
p3_topmostsubform_0_page3_0_table_line15_0_row4_0_f3_11_0,topmostSubform[0].Page3[0].Table_Line15[0].Row4[0].f3_11[0],3,Text,,,,
p3_topmostsubform_0_page3_0_table_line15_0_row4_0_c3_4_0,topmostSubform[0].Page3[0].Table_Line15[0].Row4[0].c3_4[0],3,Button,,1,,
p3_topmostsubform_0_page3_0_table_line15_0_row4_0_c3_4_1,topmostSubform[0].Page3[0].Table_Line15[0].Row4[0].c3_4[1],3,Button,,2,,
p3_topmostsubform_0_page3_0_table_line15_0_row4_0_f3_12_0,topmostSubform[0].Page3[0].Table_Line15[0].Row4[0].f3_12[0],3,Text,,,11,
p3_topmostsubform_0_page3_0_table_line16_0_row1_0_f3_13_0,topmostSubform[0].Page3[0].Table_Line16[0].Row1[0].f3_13[0],3,Text,,,,
p3_topmostsubform_0_page3_0_table_line16_0_row1_0_f3_14_0,topmostSubform[0].Page3[0].Table_Line16[0].Row1[0].f3_14[0],3,Text,,,,
p3_topmostsubform_0_page3_0_table_line16_0_row1_0_f3_15_0,topmostSubform[0].Page3[0].Table_Line16[0].Row1[0].f3_15[0],3,Text,,,11,
p3_topmostsubform_0_page3_0_table_line16_0_row2_0_f3_16_0,topmostSubform[0].Page3[0].Table_Line16[0].Row2[0].f3_16[0],3,Text,,,,
p3_topmostsubform_0_page3_0_table_line16_0_row2_0_f3_17_0,topmostSubform[0].Page3[0].Table_Line16[0].Row2[0].f3_17[0],3,Text,,,,
p3_topmostsubform_0_page3_0_table_line16_0_row2_0_f3_18_0,topmostSubform[0].Page3[0].Table_Line16[0].Row2[0].f3_18[0],3,Text,,,11,
p3_topmostsubform_0_page3_0_table_line16_0_row3_0_f3_19_0,topmostSubform[0].Page3[0].Table_Line16[0].Row3[0].f3_19[0],3,Text,,,,
p3_topmostsubform_0_page3_0_table_line16_0_row3_0_f3_20_0,topmostSubform[0].Page3[0].Table_Line16[0].Row3[0].f3_20[0],3,Text,,,,
p3_topmostsubform_0_page3_0_table_line16_0_row3_0_f3_21_0,topmostSubform[0].Page3[0].Table_Line16[0].Row3[0].f3_21[0],3,Text,,,11,
p3_topmostsubform_0_page3_0_table_line16_0_row4_0_f3_22_0,topmostSubform[0].Page3[0].Table_Line16[0].Row4[0].f3_22[0],3,Text,,,,
p3_topmostsubform_0_page3_0_table_line16_0_row4_0_f3_23_0,topmostSubform[0].Page3[0].Table_Line16[0].Row4[0].f3_23[0],3,Text,,,,
p3_topmostsubform_0_page3_0_table_line16_0_row4_0_f3_24_0,topmostSubform[0].Page3[0].Table_Line16[0].Row4[0].f3_24[0],3,Text,,,11,
p3_topmostsubform_0_page3_0_table_line17_0_row1_0_f3_25_0,topmostSubform[0].Page3[0].Table_Line17[0].Row1[0].f3_25[0],3,Text,,,,
p3_topmostsubform_0_page3_0_table_line17_0_row1_0_f3_26_0,topmostSubform[0].Page3[0].Table_Line17[0].Row1[0].f3_26[0],3,Text,,,,
p3_topmostsubform_0_page3_0_table_line17_0_row1_0_f3_27_0,topmostSubform[0].Page3[0].Table_Line17[0].Row1[0].f3_27[0],3,Text,,,,
p3_topmostsubform_0_page3_0_table_line17_0_row1_0_f3_28_0,topmostSubform[0].Page3[0].Table_Line17[0].Row1[0].f3_28[0],3,Text,,,11,
p3_topmostsubform_0_page3_0_table_line17_0_row2_0_f3_29_0,topmostSubform[0].Page3[0].Table_Line17[0].Row2[0].f3_29[0],3,Text,,,,
p3_topmostsubform_0_page3_0_table_line17_0_row2_0_f3_30_0,topmostSubform[0].Page3[0].Table_Line17[0].Row2[0].f3_30[0],3,Text,,,,
p3_topmostsubform_0_page3_0_table_line17_0_row2_0_f3_31_0,topmostSubform[0].Page3[0].Table_Line17[0].Row2[0].f3_31[0],3,Text,,,,
p3_topmostsubform_0_page3_0_table_line17_0_row2_0_f3_32_0,topmostSubform[0].Page3[0].Table_Line17[0].Row2[0].f3_32[0],3,Text,,,11,
p3_topmostsubform_0_page3_0_table_line17_0_row3_0_f3_33_0,topmostSubform[0].Page3[0].Table_Line17[0].Row3[0].f3_33[0],3,Text,,,,
p3_topmostsubform_0_page3_0_table_line17_0_row3_0_f3_34_0,topmostSubform[0].Page3[0].Table_Line17[0].Row3[0].f3_34[0],3,Text,,,,
p3_topmostsubform_0_page3_0_table_line17_0_row3_0_f3_35_0,topmostSubform[0].Page3[0].Table_Line17[0].Row3[0].f3_35[0],3,Text,,,,
p3_topmostsubform_0_page3_0_table_line17_0_row3_0_f3_36_0,topmostSubform[0].Page3[0].Table_Line17[0].Row3[0].f3_36[0],3,Text,,,11,
p3_topmostsubform_0_page3_0_table_line17_0_row4_0_f3_37_0,topmostSubform[0].Page3[0].Table_Line17[0].Row4[0].f3_37[0],3,Text,,,,
p3_topmostsubform_0_page3_0_table_line17_0_row4_0_f3_38_0,topmostSubform[0].Page3[0].Table_Line17[0].Row4[0].f3_38[0],3,Text,,,,
p3_topmostsubform_0_page3_0_table_line17_0_row4_0_f3_39_0,topmostSubform[0].Page3[0].Table_Line17[0].Row4[0].f3_39[0],3,Text,,,,
p3_topmostsubform_0_page3_0_table_line17_0_row4_0_f3_40_0,topmostSubform[0].Page3[0].Table_Line17[0].Row4[0].f3_40[0],3,Text,,,11,
p3_topmostsubform_0_page3_0_table_line18_0_line18a_0_c3_5_0,topmostSubform[0].Page3[0].Table_Line18[0].Line18a[0].c3_5[0],3,Button,,1,,
p3_topmostsubform_0_page3_0_table_line18_0_line18a_0_c3_5_1,topmostSubform[0].Page3[0].Table_Line18[0].Line18a[0].c3_5[1],3,Button,,2,,
p3_topmostsubform_0_page3_0_table_line18_0_line18a_0_c3_5_2,topmostSubform[0].Page3[0].Table_Line18[0].Line18a[0].c3_5[2],3,Button,,3,,
p3_topmostsubform_0_page3_0_table_line18_0_line18a_0_f3_41_0,topmostSubform[0].Page3[0].Table_Line18[0].Line18a[0].f3_41[0],3,Text,,,4,
p3_topmostsubform_0_page3_0_table_line18_0_line18b_0_c3_6_0,topmostSubform[0].Page3[0].Table_Line18[0].Line18b[0].c3_6[0],3,Button,,1,,
p3_topmostsubform_0_page3_0_table_line18_0_line18b_0_c3_6_1,topmostSubform[0].Page3[0].Table_Line18[0].Line18b[0].c3_6[1],3,Button,,2,,
p3_topmostsubform_0_page3_0_table_line18_0_line18b_0_c3_6_2,topmostSubform[0].Page3[0].Table_Line18[0].Line18b[0].c3_6[2],3,Button,,3,,
p3_topmostsubform_0_page3_0_table_line18_0_line18b_0_f3_42_0,topmostSubform[0].Page3[0].Table_Line18[0].Line18b[0].f3_42[0],3,Text,,,4,
p3_topmostsubform_0_page3_0_table_line18_0_line18c_0_c3_7_0,topmostSubform[0].Page3[0].Table_Line18[0].Line18c[0].c3_7[0],3,Button,,1,,
p3_topmostsubform_0_page3_0_table_line18_0_line18c_0_c3_7_1,topmostSubform[0].Page3[0].Table_Line18[0].Line18c[0].c3_7[1],3,Button,,2,,
p3_topmostsubform_0_page3_0_table_line18_0_line18c_0_c3_7_2,topmostSubform[0].Page3[0].Table_Line18[0].Line18c[0].c3_7[2],3,Button,,3,,
p3_topmostsubform_0_page3_0_table_line18_0_line18c_0_f3_43_0,topmostSubform[0].Page3[0].Table_Line18[0].Line18c[0].f3_43[0],3,Text,,,4,
p3_topmostsubform_0_page3_0_table_line18_0_line18d_0_c3_8_0,topmostSubform[0].Page3[0].Table_Line18[0].Line18d[0].c3_8[0],3,Button,,1,,
p3_topmostsubform_0_page3_0_table_line18_0_line18d_0_c3_8_1,topmostSubform[0].Page3[0].Table_Line18[0].Line18d[0].c3_8[1],3,Button,,2,,
p3_topmostsubform_0_page3_0_table_line18_0_line18d_0_c3_8_2,topmostSubform[0].Page3[0].Table_Line18[0].Line18d[0].c3_8[2],3,Button,,3,,
p3_topmostsubform_0_page3_0_table_line18_0_line18d_0_f3_44_0,topmostSubform[0].Page3[0].Table_Line18[0].Line18d[0].f3_44[0],3,Text,,,4,
p3_topmostsubform_0_page3_0_table_line18_0_line18e_0_c3_9_0,topmostSubform[0].Page3[0].Table_Line18[0].Line18e[0].c3_9[0],3,Button,,1,,
p3_topmostsubform_0_page3_0_table_line18_0_line18e_0_c3_9_1,topmostSubform[0].Page3[0].Table_Line18[0].Line18e[0].c3_9[1],3,Button,,2,,
p3_topmostsubform_0_page3_0_table_line18_0_line18e_0_c3_9_2,topmostSubform[0].Page3[0].Table_Line18[0].Line18e[0].c3_9[2],3,Button,,3,,
p3_topmostsubform_0_page3_0_table_line18_0_line18e_0_f3_45_0,topmostSubform[0].Page3[0].Table_Line18[0].Line18e[0].f3_45[0],3,Text,,,4,
p3_topmostsubform_0_page3_0_table_line18_0_line18f_0_c3_10_0,topmostSubform[0].Page3[0].Table_Line18[0].Line18f[0].c3_10[0],3,Button,,1,,
p3_topmostsubform_0_page3_0_table_line18_0_line18f_0_c3_10_1,topmostSubform[0].Page3[0].Table_Line18[0].Line18f[0].c3_10[1],3,Button,,2,,
p3_topmostsubform_0_page3_0_table_line18_0_line18f_0_c3_10_2,topmostSubform[0].Page3[0].Table_Line18[0].Line18f[0].c3_10[2],3,Button,,3,,
p3_topmostsubform_0_page3_0_table_line18_0_line18f_0_f3_46_0,topmostSubform[0].Page3[0].Table_Line18[0].Line18f[0].f3_46[0],3,Text,,,4,
p3_topmostsubform_0_page3_0_c3_11_0_yes,topmostSubform[0].Page3[0].c3_11[0],3,Button,Yes,1,,
p3_topmostsubform_0_page3_0_c3_11_1_no,topmostSubform[0].Page3[0].c3_11[1],3,Button,No,2,,
p3_topmostsubform_0_page3_0_table_line19_0_row1_0_f3_47_0,topmostSubform[0].Page3[0].Table_Line19[0].Row1[0].f3_47[0],3,Text,,,,
p3_topmostsubform_0_page3_0_table_line19_0_row1_0_f3_48_0,topmostSubform[0].Page3[0].Table_Line19[0].Row1[0].f3_48[0],3,Text,,,,
p3_topmostsubform_0_page3_0_table_line19_0_row1_0_f3_49_0,topmostSubform[0].Page3[0].Table_Line19[0].Row1[0].f3_49[0],3,Text,,,,
p3_topmostsubform_0_page3_0_table_line19_0_row1_0_f3_50_0,topmostSubform[0].Page3[0].Table_Line19[0].Row1[0].f3_50[0],3,Text,,,,
p3_topmostsubform_0_page3_0_table_line19_0_row1_0_f3_51_0,topmostSubform[0].Page3[0].Table_Line19[0].Row1[0].f3_51[0],3,Text,,,,
p3_topmostsubform_0_page3_0_table_line19_0_row1_0_c3_12_0,topmostSubform[0].Page3[0].Table_Line19[0].Row1[0].c3_12[0],3,Button,,1,,
p3_topmostsubform_0_page3_0_table_line19_0_row1_0_c3_12_1,topmostSubform[0].Page3[0].Table_Line19[0].Row1[0].c3_12[1],3,Button,,2,,
p3_topmostsubform_0_page3_0_table_line19_0_row2_0_f3_52_0,topmostSubform[0].Page3[0].Table_Line19[0].Row2[0].f3_52[0],3,Text,,,,
p3_topmostsubform_0_page3_0_table_line19_0_row2_0_f3_53_0,topmostSubform[0].Page3[0].Table_Line19[0].Row2[0].f3_53[0],3,Text,,,,
p3_topmostsubform_0_page3_0_table_line19_0_row2_0_f3_54_0,topmostSubform[0].Page3[0].Table_Line19[0].Row2[0].f3_54[0],3,Text,,,,
p3_topmostsubform_0_page3_0_table_line19_0_row2_0_f3_55_0,topmostSubform[0].Page3[0].Table_Line19[0].Row2[0].f3_55[0],3,Text,,,,
p3_topmostsubform_0_page3_0_table_line19_0_row2_0_f3_56_0,topmostSubform[0].Page3[0].Table_Line19[0].Row2[0].f3_56[0],3,Text,,,,
p3_topmostsubform_0_page3_0_table_line19_0_row2_0_c3_13_0,topmostSubform[0].Page3[0].Table_Line19[0].Row2[0].c3_13[0],3,Button,,1,,
p3_topmostsubform_0_page3_0_table_line19_0_row2_0_c3_13_1,topmostSubform[0].Page3[0].Table_Line19[0].Row2[0].c3_13[1],3,Button,,2,,
p3_topmostsubform_0_page3_0_table_line19_0_row3_0_f3_57_0,topmostSubform[0].Page3[0].Table_Line19[0].Row3[0].f3_57[0],3,Text,,,,
p3_topmostsubform_0_page3_0_table_line19_0_row3_0_f3_58_0,topmostSubform[0].Page3[0].Table_Line19[0].Row3[0].f3_58[0],3,Text,,,,
p3_topmostsubform_0_page3_0_table_line19_0_row3_0_f3_59_0,topmostSubform[0].Page3[0].Table_Line19[0].Row3[0].f3_59[0],3,Text,,,,
p3_topmostsubform_0_page3_0_table_line19_0_row3_0_f3_60_0,topmostSubform[0].Page3[0].Table_Line19[0].Row3[0].f3_60[0],3,Text,,,,
p3_topmostsubform_0_page3_0_table_line19_0_row3_0_f3_61_0,topmostSubform[0].Page3[0].Table_Line19[0].Row3[0].f3_61[0],3,Text,,,,
p3_topmostsubform_0_page3_0_table_line19_0_row3_0_c3_14_0,topmostSubform[0].Page3[0].Table_Line19[0].Row3[0].c3_14[0],3,Button,,1,,
p3_topmostsubform_0_page3_0_table_line19_0_row3_0_c3_14_1,topmostSubform[0].Page3[0].Table_Line19[0].Row3[0].c3_14[1],3,Button,,2,,
p4_topmostsubform_0_page4_0_table_line20_0_row1_0_f4_1_0,topmostSubform[0].Page4[0].Table_Line20[0].Row1[0].f4_1[0],4,Text,,,,
p4_topmostsubform_0_page4_0_table_line20_0_row1_0_f4_2_0,topmostSubform[0].Page4[0].Table_Line20[0].Row1[0].f4_2[0],4,Text,,,,
p4_topmostsubform_0_page4_0_table_line20_0_row1_0_f4_3_0,topmostSubform[0].Page4[0].Table_Line20[0].Row1[0].f4_3[0],4,Text,,,,
p4_topmostsubform_0_page4_0_table_line20_0_row1_0_f4_4_0,topmostSubform[0].Page4[0].Table_Line20[0].Row1[0].f4_4[0],4,Text,,,11,
p4_topmostsubform_0_page4_0_table_line20_0_row1_0_f4_5_0,topmostSubform[0].Page4[0].Table_Line20[0].Row1[0].f4_5[0],4,Text,,,,
p4_topmostsubform_0_page4_0_table_line20_0_row2_0_f4_6_0,topmostSubform[0].Page4[0].Table_Line20[0].Row2[0].f4_6[0],4,Text,,,,
p4_topmostsubform_0_page4_0_table_line20_0_row2_0_f4_7_0,topmostSubform[0].Page4[0].Table_Line20[0].Row2[0].f4_7[0],4,Text,,,,
p4_topmostsubform_0_page4_0_table_line20_0_row2_0_f4_8_0,topmostSubform[0].Page4[0].Table_Line20[0].Row2[0].f4_8[0],4,Text,,,,
p4_topmostsubform_0_page4_0_table_line20_0_row2_0_f4_9_0,topmostSubform[0].Page4[0].Table_Line20[0].Row2[0].f4_9[0],4,Text,,,11,
p4_topmostsubform_0_page4_0_table_line20_0_row2_0_f4_10_0,topmostSubform[0].Page4[0].Table_Line20[0].Row2[0].f4_10[0],4,Text,,,,
p4_topmostsubform_0_page4_0_table_line20_0_row3_0_f4_11_0,topmostSubform[0].Page4[0].Table_Line20[0].Row3[0].f4_11[0],4,Text,,,,
p4_topmostsubform_0_page4_0_table_line20_0_row3_0_f4_12_0,topmostSubform[0].Page4[0].Table_Line20[0].Row3[0].f4_12[0],4,Text,,,,
p4_topmostsubform_0_page4_0_table_line20_0_row3_0_f4_13_0,topmostSubform[0].Page4[0].Table_Line20[0].Row3[0].f4_13[0],4,Text,,,,
p4_topmostsubform_0_page4_0_table_line20_0_row3_0_f4_14_0,topmostSubform[0].Page4[0].Table_Line20[0].Row3[0].f4_14[0],4,Text,,,11,
p4_topmostsubform_0_page4_0_table_line20_0_row3_0_f4_15_0,topmostSubform[0].Page4[0].Table_Line20[0].Row3[0].f4_15[0],4,Text,,,,
p4_21a_country_code_of_country_where_foreign_trust_was_created,topmostSubform[0].Page4[0].f4_16[0],4,Text,21a Country code of country where foreign trust was created,,,
p4_b_country_code_of_country_whose_law_governs_the_trust,topmostSubform[0].Page4[0].f4_17[0],4,Text,b Country code of country whose law governs the trust,,,
p4_c_date_foreign_trust_was_created,topmostSubform[0].Page4[0].f4_18[0],4,Text,c Date foreign trust was created,,,
p4_topmostsubform_0_page4_0_c4_1_0_yes,topmostSubform[0].Page4[0].c4_1[0],4,Button,Yes,1,,
p4_topmostsubform_0_page4_0_c4_1_1_no,topmostSubform[0].Page4[0].c4_1[1],4,Button,No,2,,
p4_topmostsubform_0_page4_0_f4_19_0,topmostSubform[0].Page4[0].f4_19[0],4,Text,$,,,
p4_topmostsubform_0_page4_0_table_line24_0_row1_0_f4_20_0,topmostSubform[0].Page4[0].Table_Line24[0].Row1[0].f4_20[0],4,Text,,,,
p4_topmostsubform_0_page4_0_table_line24_0_row1_0_f4_21_0,topmostSubform[0].Page4[0].Table_Line24[0].Row1[0].f4_21[0],4,Text,,,,
p4_topmostsubform_0_page4_0_table_line24_0_row1_0_f4_22_0,topmostSubform[0].Page4[0].Table_Line24[0].Row1[0].f4_22[0],4,Text,,,,
p4_topmostsubform_0_page4_0_table_line24_0_row1_0_f4_23_0,topmostSubform[0].Page4[0].Table_Line24[0].Row1[0].f4_23[0],4,Text,,,,
p4_topmostsubform_0_page4_0_table_line24_0_row1_0_f4_24_0,topmostSubform[0].Page4[0].Table_Line24[0].Row1[0].f4_24[0],4,Text,,,,
p4_topmostsubform_0_page4_0_table_line24_0_row1_0_f4_25_0,topmostSubform[0].Page4[0].Table_Line24[0].Row1[0].f4_25[0],4,Text,,,,
p4_topmostsubform_0_page4_0_table_line24_0_row2_0_f4_26_0,topmostSubform[0].Page4[0].Table_Line24[0].Row2[0].f4_26[0],4,Text,,,,
p4_topmostsubform_0_page4_0_table_line24_0_row2_0_f4_27_0,topmostSubform[0].Page4[0].Table_Line24[0].Row2[0].f4_27[0],4,Text,,,,
p4_topmostsubform_0_page4_0_table_line24_0_row2_0_f4_28_0,topmostSubform[0].Page4[0].Table_Line24[0].Row2[0].f4_28[0],4,Text,,,,
p4_topmostsubform_0_page4_0_table_line24_0_row2_0_f4_29_0,topmostSubform[0].Page4[0].Table_Line24[0].Row2[0].f4_29[0],4,Text,,,,
p4_topmostsubform_0_page4_0_table_line24_0_row2_0_f4_30_0,topmostSubform[0].Page4[0].Table_Line24[0].Row2[0].f4_30[0],4,Text,,,,
p4_topmostsubform_0_page4_0_table_line24_0_row2_0_f4_31_0,topmostSubform[0].Page4[0].Table_Line24[0].Row2[0].f4_31[0],4,Text,,,,
p4_topmostsubform_0_page4_0_table_line24_0_row3_0_f4_32_0,topmostSubform[0].Page4[0].Table_Line24[0].Row3[0].f4_32[0],4,Text,,,,
p4_topmostsubform_0_page4_0_table_line24_0_row3_0_f4_33_0,topmostSubform[0].Page4[0].Table_Line24[0].Row3[0].f4_33[0],4,Text,,,,
p4_topmostsubform_0_page4_0_table_line24_0_row3_0_f4_34_0,topmostSubform[0].Page4[0].Table_Line24[0].Row3[0].f4_34[0],4,Text,,,,
p4_topmostsubform_0_page4_0_table_line24_0_row3_0_f4_35_0,topmostSubform[0].Page4[0].Table_Line24[0].Row3[0].f4_35[0],4,Text,,,,
p4_topmostsubform_0_page4_0_table_line24_0_row3_0_f4_36_0,topmostSubform[0].Page4[0].Table_Line24[0].Row3[0].f4_36[0],4,Text,,,,
p4_topmostsubform_0_page4_0_table_line24_0_row3_0_f4_37_0,topmostSubform[0].Page4[0].Table_Line24[0].Row3[0].f4_37[0],4,Text,,,,
p4_topmostsubform_0_page4_0_table_line24_0_row4_0_f4_38_0,topmostSubform[0].Page4[0].Table_Line24[0].Row4[0].f4_38[0],4,Text,,,,
p4_topmostsubform_0_page4_0_table_line24_0_row4_0_f4_39_0,topmostSubform[0].Page4[0].Table_Line24[0].Row4[0].f4_39[0],4,Text,,,,
p4_topmostsubform_0_page4_0_table_line24_0_row4_0_f4_40_0,topmostSubform[0].Page4[0].Table_Line24[0].Row4[0].f4_40[0],4,Text,,,,
p4_topmostsubform_0_page4_0_table_line24_0_row4_0_f4_41_0,topmostSubform[0].Page4[0].Table_Line24[0].Row4[0].f4_41[0],4,Text,,,,
p4_topmostsubform_0_page4_0_table_line24_0_row4_0_f4_42_0,topmostSubform[0].Page4[0].Table_Line24[0].Row4[0].f4_42[0],4,Text,,,,
p4_topmostsubform_0_page4_0_table_line24_0_row4_0_f4_43_0,topmostSubform[0].Page4[0].Table_Line24[0].Row4[0].f4_43[0],4,Text,,,,
p4_topmostsubform_0_page4_0_table_line24_0_row5_0_f4_44_0,topmostSubform[0].Page4[0].Table_Line24[0].Row5[0].f4_44[0],4,Text,,,,
p4_topmostsubform_0_page4_0_table_line24_0_row5_0_f4_45_0,topmostSubform[0].Page4[0].Table_Line24[0].Row5[0].f4_45[0],4,Text,,,,
p4_topmostsubform_0_page4_0_table_line24_0_row5_0_f4_46_0,topmostSubform[0].Page4[0].Table_Line24[0].Row5[0].f4_46[0],4,Text,,,,
p4_topmostsubform_0_page4_0_table_line24_0_row5_0_f4_47_0,topmostSubform[0].Page4[0].Table_Line24[0].Row5[0].f4_47[0],4,Text,,,,
p4_topmostsubform_0_page4_0_table_line24_0_row5_0_f4_48_0,topmostSubform[0].Page4[0].Table_Line24[0].Row5[0].f4_48[0],4,Text,,,,
p4_topmostsubform_0_page4_0_table_line24_0_row5_0_f4_49_0,topmostSubform[0].Page4[0].Table_Line24[0].Row5[0].f4_49[0],4,Text,,,,
p4_topmostsubform_0_page4_0_table_line24_0_row6_0_f4_50_0,topmostSubform[0].Page4[0].Table_Line24[0].Row6[0].f4_50[0],4,Text,,,,
p4_topmostsubform_0_page4_0_table_line24_0_row6_0_f4_51_0,topmostSubform[0].Page4[0].Table_Line24[0].Row6[0].f4_51[0],4,Text,,,,
p4_topmostsubform_0_page4_0_table_line24_0_row6_0_f4_52_0,topmostSubform[0].Page4[0].Table_Line24[0].Row6[0].f4_52[0],4,Text,,,,
p4_topmostsubform_0_page4_0_table_line24_0_row6_0_f4_53_0,topmostSubform[0].Page4[0].Table_Line24[0].Row6[0].f4_53[0],4,Text,,,,
p4_topmostsubform_0_page4_0_table_line24_0_row6_0_f4_54_0,topmostSubform[0].Page4[0].Table_Line24[0].Row6[0].f4_54[0],4,Text,,,,
p4_topmostsubform_0_page4_0_table_line24_0_row6_0_f4_55_0,topmostSubform[0].Page4[0].Table_Line24[0].Row6[0].f4_55[0],4,Text,,,,
p4_topmostsubform_0_page4_0_table_line24_0_row7_0_f4_56_0,topmostSubform[0].Page4[0].Table_Line24[0].Row7[0].f4_56[0],4,Text,,,,
p4_topmostsubform_0_page4_0_table_line24_0_row7_0_f4_57_0,topmostSubform[0].Page4[0].Table_Line24[0].Row7[0].f4_57[0],4,Text,,,,
p4_topmostsubform_0_page4_0_table_line24_0_row7_0_f4_58_0,topmostSubform[0].Page4[0].Table_Line24[0].Row7[0].f4_58[0],4,Text,,,,
p4_topmostsubform_0_page4_0_table_line24_0_row7_0_f4_59_0,topmostSubform[0].Page4[0].Table_Line24[0].Row7[0].f4_59[0],4,Text,,,,
p4_topmostsubform_0_page4_0_table_line24_0_row7_0_f4_60_0,topmostSubform[0].Page4[0].Table_Line24[0].Row7[0].f4_60[0],4,Text,,,,
p4_topmostsubform_0_page4_0_table_line24_0_row7_0_f4_61_0,topmostSubform[0].Page4[0].Table_Line24[0].Row7[0].f4_61[0],4,Text,,,,
p4_topmostsubform_0_page4_0_table_line24_0_row8_0_f4_62_0,topmostSubform[0].Page4[0].Table_Line24[0].Row8[0].f4_62[0],4,Text,,,,
p4_topmostsubform_0_page4_0_table_line24_0_row8_0_f4_63_0,topmostSubform[0].Page4[0].Table_Line24[0].Row8[0].f4_63[0],4,Text,,,,
p4_topmostsubform_0_page4_0_table_line24_0_row8_0_f4_64_0,topmostSubform[0].Page4[0].Table_Line24[0].Row8[0].f4_64[0],4,Text,,,,
p4_topmostsubform_0_page4_0_table_line24_0_row8_0_f4_65_0,topmostSubform[0].Page4[0].Table_Line24[0].Row8[0].f4_65[0],4,Text,,,,
p4_topmostsubform_0_page4_0_table_line24_0_row8_0_f4_66_0,topmostSubform[0].Page4[0].Table_Line24[0].Row8[0].f4_66[0],4,Text,,,,
p4_topmostsubform_0_page4_0_table_line24_0_row8_0_f4_67_0,topmostSubform[0].Page4[0].Table_Line24[0].Row8[0].f4_67[0],4,Text,,,,
p4_topmostsubform_0_page4_0_f4_68_0,topmostSubform[0].Page4[0].f4_68[0],4,Text,$,,,
p4_topmostsubform_0_page4_0_c4_2_0_yes,topmostSubform[0].Page4[0].c4_2[0],4,Button,Yes,1,,
p4_topmostsubform_0_page4_0_c4_2_1_no,topmostSubform[0].Page4[0].c4_2[1],4,Button,No,2,,
p4_topmostsubform_0_page4_0_table_line25_0_row1_0_f4_69_0,topmostSubform[0].Page4[0].Table_Line25[0].Row1[0].f4_69[0],4,Text,,,,
p4_topmostsubform_0_page4_0_table_line25_0_row1_0_f4_70_0,topmostSubform[0].Page4[0].Table_Line25[0].Row1[0].f4_70[0],4,Text,,,,
p4_topmostsubform_0_page4_0_table_line25_0_row1_0_f4_71_0,topmostSubform[0].Page4[0].Table_Line25[0].Row1[0].f4_71[0],4,Text,,,,
p4_topmostsubform_0_page4_0_table_line25_0_row1_0_f4_72_0,topmostSubform[0].Page4[0].Table_Line25[0].Row1[0].f4_72[0],4,Text,,,,
p4_topmostsubform_0_page4_0_table_line25_0_row1_0_c4_3_0,topmostSubform[0].Page4[0].Table_Line25[0].Row1[0].c4_3[0],4,Button,,1,,
p4_topmostsubform_0_page4_0_table_line25_0_row1_0_c4_3_1,topmostSubform[0].Page4[0].Table_Line25[0].Row1[0].c4_3[1],4,Button,,2,,
p4_topmostsubform_0_page4_0_table_line25_0_row1_0_f4_73_0,topmostSubform[0].Page4[0].Table_Line25[0].Row1[0].f4_73[0],4,Text,,,,
p4_topmostsubform_0_page4_0_table_line25_0_row1_0_f4_74_0,topmostSubform[0].Page4[0].Table_Line25[0].Row1[0].f4_74[0],4,Text,,,,
p4_topmostsubform_0_page4_0_table_line25_0_row2_0_f4_75_0,topmostSubform[0].Page4[0].Table_Line25[0].Row2[0].f4_75[0],4,Text,,,,
p4_topmostsubform_0_page4_0_table_line25_0_row2_0_f4_76_0,topmostSubform[0].Page4[0].Table_Line25[0].Row2[0].f4_76[0],4,Text,,,,
p4_topmostsubform_0_page4_0_table_line25_0_row2_0_f4_77_0,topmostSubform[0].Page4[0].Table_Line25[0].Row2[0].f4_77[0],4,Text,,,,
p4_topmostsubform_0_page4_0_table_line25_0_row2_0_f4_78_0,topmostSubform[0].Page4[0].Table_Line25[0].Row2[0].f4_78[0],4,Text,,,,
p4_topmostsubform_0_page4_0_table_line25_0_row2_0_c4_4_0,topmostSubform[0].Page4[0].Table_Line25[0].Row2[0].c4_4[0],4,Button,,1,,
p4_topmostsubform_0_page4_0_table_line25_0_row2_0_c4_4_1,topmostSubform[0].Page4[0].Table_Line25[0].Row2[0].c4_4[1],4,Button,,2,,
p4_topmostsubform_0_page4_0_table_line25_0_row2_0_f4_79_0,topmostSubform[0].Page4[0].Table_Line25[0].Row2[0].f4_79[0],4,Text,,,,
p4_topmostsubform_0_page4_0_table_line25_0_row2_0_f4_80_0,topmostSubform[0].Page4[0].Table_Line25[0].Row2[0].f4_80[0],4,Text,,,,
p4_topmostsubform_0_page4_0_table_line25_0_row3_0_f4_81_0,topmostSubform[0].Page4[0].Table_Line25[0].Row3[0].f4_81[0],4,Text,,,,
p4_topmostsubform_0_page4_0_table_line25_0_row3_0_f4_82_0,topmostSubform[0].Page4[0].Table_Line25[0].Row3[0].f4_82[0],4,Text,,,,
p4_topmostsubform_0_page4_0_table_line25_0_row3_0_f4_83_0,topmostSubform[0].Page4[0].Table_Line25[0].Row3[0].f4_83[0],4,Text,,,,
p4_topmostsubform_0_page4_0_table_line25_0_row3_0_f4_84_0,topmostSubform[0].Page4[0].Table_Line25[0].Row3[0].f4_84[0],4,Text,,,,
p4_topmostsubform_0_page4_0_table_line25_0_row3_0_c4_5_0,topmostSubform[0].Page4[0].Table_Line25[0].Row3[0].c4_5[0],4,Button,,1,,
p4_topmostsubform_0_page4_0_table_line25_0_row3_0_c4_5_1,topmostSubform[0].Page4[0].Table_Line25[0].Row3[0].c4_5[1],4,Button,,2,,
p4_topmostsubform_0_page4_0_table_line25_0_row3_0_f4_85_0,topmostSubform[0].Page4[0].Table_Line25[0].Row3[0].f4_85[0],4,Text,,,,
p4_topmostsubform_0_page4_0_table_line25_0_row3_0_f4_86_0,topmostSubform[0].Page4[0].Table_Line25[0].Row3[0].f4_86[0],4,Text,,,,
p4_topmostsubform_0_page4_0_f4_87_0,topmostSubform[0].Page4[0].f4_87[0],4,Text,$,,,
p4_topmostsubform_0_page4_0_c4_6_0_yes,topmostSubform[0].Page4[0].c4_6[0],4,Button,Yes,1,,
p4_topmostsubform_0_page4_0_c4_6_1_no,topmostSubform[0].Page4[0].c4_6[1],4,Button,No,2,,
p4_topmostsubform_0_page4_0_f4_88_0,topmostSubform[0].Page4[0].f4_88[0],4,Text,$,,,
p4_topmostsubform_0_page4_0_c4_7_0_yes,topmostSubform[0].Page4[0].c4_7[0],4,Button,Yes,1,,
p4_topmostsubform_0_page4_0_c4_7_1_no,topmostSubform[0].Page4[0].c4_7[1],4,Button,No,2,,
p4_topmostsubform_0_page4_0_table_line28_0_row1_0_f4_89_0,topmostSubform[0].Page4[0].Table_Line28[0].Row1[0].f4_89[0],4,Text,,,,
p4_topmostsubform_0_page4_0_table_line28_0_row1_0_f4_90_0,topmostSubform[0].Page4[0].Table_Line28[0].Row1[0].f4_90[0],4,Text,,,,
p4_topmostsubform_0_page4_0_table_line28_0_row1_0_f4_91_0,topmostSubform[0].Page4[0].Table_Line28[0].Row1[0].f4_91[0],4,Text,,,,
p4_topmostsubform_0_page4_0_table_line28_0_row1_0_f4_92_0,topmostSubform[0].Page4[0].Table_Line28[0].Row1[0].f4_92[0],4,Text,,,,
p4_topmostsubform_0_page4_0_table_line28_0_row1_0_f4_93_0,topmostSubform[0].Page4[0].Table_Line28[0].Row1[0].f4_93[0],4,Text,,,,
p4_topmostsubform_0_page4_0_table_line28_0_row1_0_c4_8_0,topmostSubform[0].Page4[0].Table_Line28[0].Row1[0].c4_8[0],4,Button,,1,,
p4_topmostsubform_0_page4_0_table_line28_0_row1_0_c4_8_1,topmostSubform[0].Page4[0].Table_Line28[0].Row1[0].c4_8[1],4,Button,,2,,
p4_topmostsubform_0_page4_0_table_line28_0_row2_0_f4_94_0,topmostSubform[0].Page4[0].Table_Line28[0].Row2[0].f4_94[0],4,Text,,,,
p4_topmostsubform_0_page4_0_table_line28_0_row2_0_f4_95_0,topmostSubform[0].Page4[0].Table_Line28[0].Row2[0].f4_95[0],4,Text,,,,
p4_topmostsubform_0_page4_0_table_line28_0_row2_0_f4_96_0,topmostSubform[0].Page4[0].Table_Line28[0].Row2[0].f4_96[0],4,Text,,,,
p4_topmostsubform_0_page4_0_table_line28_0_row2_0_f4_97_0,topmostSubform[0].Page4[0].Table_Line28[0].Row2[0].f4_97[0],4,Text,,,,
p4_topmostsubform_0_page4_0_table_line28_0_row2_0_f4_98_0,topmostSubform[0].Page4[0].Table_Line28[0].Row2[0].f4_98[0],4,Text,,,,
p4_topmostsubform_0_page4_0_table_line28_0_row2_0_c4_9_0,topmostSubform[0].Page4[0].Table_Line28[0].Row2[0].c4_9[0],4,Button,,1,,
p4_topmostsubform_0_page4_0_table_line28_0_row2_0_c4_9_1,topmostSubform[0].Page4[0].Table_Line28[0].Row2[0].c4_9[1],4,Button,,2,,
p4_topmostsubform_0_page4_0_table_line28_0_row3_0_f4_99_0,topmostSubform[0].Page4[0].Table_Line28[0].Row3[0].f4_99[0],4,Text,,,,
p4_topmostsubform_0_page4_0_table_line28_0_row3_0_f4_100_0,topmostSubform[0].Page4[0].Table_Line28[0].Row3[0].f4_100[0],4,Text,,,,
p4_topmostsubform_0_page4_0_table_line28_0_row3_0_f4_101_0,topmostSubform[0].Page4[0].Table_Line28[0].Row3[0].f4_101[0],4,Text,,,,
p4_topmostsubform_0_page4_0_table_line28_0_row3_0_f4_102_0,topmostSubform[0].Page4[0].Table_Line28[0].Row3[0].f4_102[0],4,Text,,,,
p4_topmostsubform_0_page4_0_table_line28_0_row3_0_f4_103_0,topmostSubform[0].Page4[0].Table_Line28[0].Row3[0].f4_103[0],4,Text,,,,
p4_topmostsubform_0_page4_0_table_line28_0_row3_0_c4_10_0,topmostSubform[0].Page4[0].Table_Line28[0].Row3[0].c4_10[0],4,Button,,1,,
p4_topmostsubform_0_page4_0_table_line28_0_row3_0_c4_10_1,topmostSubform[0].Page4[0].Table_Line28[0].Row3[0].c4_10[1],4,Button,,2,,
p4_topmostsubform_0_page4_0_table_line28_0_row4_0_f4_104_0,topmostSubform[0].Page4[0].Table_Line28[0].Row4[0].f4_104[0],4,Text,,,,
p4_topmostsubform_0_page4_0_table_line28_0_row4_0_f4_105_0,topmostSubform[0].Page4[0].Table_Line28[0].Row4[0].f4_105[0],4,Text,,,,
p4_topmostsubform_0_page4_0_table_line28_0_row4_0_f4_106_0,topmostSubform[0].Page4[0].Table_Line28[0].Row4[0].f4_106[0],4,Text,,,,
p4_topmostsubform_0_page4_0_table_line28_0_row4_0_f4_107_0,topmostSubform[0].Page4[0].Table_Line28[0].Row4[0].f4_107[0],4,Text,,,,
p4_topmostsubform_0_page4_0_table_line28_0_row4_0_f4_108_0,topmostSubform[0].Page4[0].Table_Line28[0].Row4[0].f4_108[0],4,Text,,,,
p4_topmostsubform_0_page4_0_table_line28_0_row4_0_c4_11_0,topmostSubform[0].Page4[0].Table_Line28[0].Row4[0].c4_11[0],4,Button,,1,,
p4_topmostsubform_0_page4_0_table_line28_0_row4_0_c4_11_1,topmostSubform[0].Page4[0].Table_Line28[0].Row4[0].c4_11[1],4,Button,,2,,
p5_topmostsubform_0_page5_0_c5_1_0_yes,topmostSubform[0].Page5[0].c5_1[0],5,Button,Yes,1,,
p5_topmostsubform_0_page5_0_c5_1_1_no,topmostSubform[0].Page5[0].c5_1[1],5,Button,No,2,,
n_a,topmostSubform[0].Page5[0].c5_1[2],5,Button,N/A,3,,
p5_topmostsubform_0_page5_0_c5_2_0_yes,topmostSubform[0].Page5[0].c5_2[0],5,Button,Yes,1,,
p5_topmostsubform_0_page5_0_c5_2_1_no,topmostSubform[0].Page5[0].c5_2[1],5,Button,No,2,,
n_a_2,topmostSubform[0].Page5[0].c5_2[2],5,Button,N/A,3,,
p5_topmostsubform_0_page5_0_f5_1_0,topmostSubform[0].Page5[0].f5_1[0],5,Text,,,,
p5_topmostsubform_0_page5_0_f5_2_0,topmostSubform[0].Page5[0].f5_2[0],5,Text,,,,
p5_topmostsubform_0_page5_0_f5_3_0,topmostSubform[0].Page5[0].f5_3[0],5,Text,,,,
p5_topmostsubform_0_page5_0_f5_4_0,topmostSubform[0].Page5[0].f5_4[0],5,Text,,,,
p5_topmostsubform_0_page5_0_f5_5_0,topmostSubform[0].Page5[0].f5_5[0],5,Text,,,,
p5_topmostsubform_0_page5_0_f5_6_0,topmostSubform[0].Page5[0].f5_6[0],5,Text,,,,
p5_topmostsubform_0_page5_0_f5_7_0,topmostSubform[0].Page5[0].f5_7[0],5,Text,,,,
p5_topmostsubform_0_page5_0_f5_8_0,topmostSubform[0].Page5[0].f5_8[0],5,Text,,,,
p5_topmostsubform_0_page5_0_f5_9_0,topmostSubform[0].Page5[0].f5_9[0],5,Text,,,,
p5_topmostsubform_0_page5_0_f5_10_0,topmostSubform[0].Page5[0].f5_10[0],5,Text,,,,
p5_topmostsubform_0_page5_0_f5_11_0,topmostSubform[0].Page5[0].f5_11[0],5,Text,,,,
p5_topmostsubform_0_page5_0_f5_12_0,topmostSubform[0].Page5[0].f5_12[0],5,Text,,,,
p5_topmostsubform_0_page5_0_f5_13_0,topmostSubform[0].Page5[0].f5_13[0],5,Text,,,,
p5_topmostsubform_0_page5_0_f5_14_0,topmostSubform[0].Page5[0].f5_14[0],5,Text,,,,
p5_topmostsubform_0_page5_0_f5_15_0,topmostSubform[0].Page5[0].f5_15[0],5,Text,,,,
p5_topmostsubform_0_page5_0_f5_16_0,topmostSubform[0].Page5[0].f5_16[0],5,Text,,,,
p5_topmostsubform_0_page5_0_f5_17_0,topmostSubform[0].Page5[0].f5_17[0],5,Text,,,,
p5_topmostsubform_0_page5_0_f5_18_0,topmostSubform[0].Page5[0].f5_18[0],5,Text,,,,
p5_topmostsubform_0_page5_0_f5_19_0,topmostSubform[0].Page5[0].f5_19[0],5,Text,,,,
p5_topmostsubform_0_page5_0_f5_20_0,topmostSubform[0].Page5[0].f5_20[0],5,Text,,,,
p5_topmostsubform_0_page5_0_f5_21_0,topmostSubform[0].Page5[0].f5_21[0],5,Text,,,,
p5_topmostsubform_0_page5_0_line47_readorder_0_f5_22_0,topmostSubform[0].Page5[0].Line47_ReadOrder[0].f5_22[0],5,Text,,,,
p5_topmostsubform_0_page5_0_f5_23_0,topmostSubform[0].Page5[0].f5_23[0],5,Text,,,,
p5_topmostsubform_0_page5_0_f5_24_0,topmostSubform[0].Page5[0].f5_24[0],5,Text,,,,
p5_topmostsubform_0_page5_0_line50_readorder_0_f5_25_0,topmostSubform[0].Page5[0].Line50_ReadOrder[0].f5_25[0],5,Text,,,,
p5_topmostsubform_0_page5_0_f5_26_0,topmostSubform[0].Page5[0].f5_26[0],5,Text,,,,
p5_topmostsubform_0_page5_0_f5_27_0,topmostSubform[0].Page5[0].f5_27[0],5,Text,,,,
p5_topmostsubform_0_page5_0_f5_28_0,topmostSubform[0].Page5[0].f5_28[0],5,Text,,,,
p6_topmostsubform_0_page6_0_c6_1_0_yes,topmostSubform[0].Page6[0].c6_1[0],6,Button,Yes,1,,
p6_topmostsubform_0_page6_0_c6_1_1_no,topmostSubform[0].Page6[0].c6_1[1],6,Button,No,2,,
p6_topmostsubform_0_page6_0_table_line54_0_row1_0_f6_1_0,topmostSubform[0].Page6[0].Table_Line54[0].Row1[0].f6_1[0],6,Text,,,,
p6_topmostsubform_0_page6_0_table_line54_0_row1_0_f6_2_0,topmostSubform[0].Page6[0].Table_Line54[0].Row1[0].f6_2[0],6,Text,,,,
p6_topmostsubform_0_page6_0_table_line54_0_row1_0_f6_3_0,topmostSubform[0].Page6[0].Table_Line54[0].Row1[0].f6_3[0],6,Text,,,,
p6_topmostsubform_0_page6_0_table_line54_0_row2_0_f6_4_0,topmostSubform[0].Page6[0].Table_Line54[0].Row2[0].f6_4[0],6,Text,,,,
p6_topmostsubform_0_page6_0_table_line54_0_row2_0_f6_5_0,topmostSubform[0].Page6[0].Table_Line54[0].Row2[0].f6_5[0],6,Text,,,,
p6_topmostsubform_0_page6_0_table_line54_0_row2_0_f6_6_0,topmostSubform[0].Page6[0].Table_Line54[0].Row2[0].f6_6[0],6,Text,,,,
p6_topmostsubform_0_page6_0_table_line54_0_row3_0_f6_7_0,topmostSubform[0].Page6[0].Table_Line54[0].Row3[0].f6_7[0],6,Text,,,,
p6_topmostsubform_0_page6_0_table_line54_0_row3_0_f6_8_0,topmostSubform[0].Page6[0].Table_Line54[0].Row3[0].f6_8[0],6,Text,,,,
p6_topmostsubform_0_page6_0_table_line54_0_row3_0_f6_9_0,topmostSubform[0].Page6[0].Table_Line54[0].Row3[0].f6_9[0],6,Text,,,,
p6_topmostsubform_0_page6_0_f6_10_0,topmostSubform[0].Page6[0].f6_10[0],6,Text,$,,,
p6_topmostsubform_0_page6_0_c6_2_0_yes,topmostSubform[0].Page6[0].c6_2[0],6,Button,Yes,1,,
p6_topmostsubform_0_page6_0_c6_2_1_no,topmostSubform[0].Page6[0].c6_2[1],6,Button,No,2,,
p6_topmostsubform_0_page6_0_table_line55a_d_0_row1_0_f6_11_0,topmostSubform[0].Page6[0].Table_Line55a-d[0].Row1[0].f6_11[0],6,Text,,,,
p6_topmostsubform_0_page6_0_table_line55a_d_0_row1_0_f6_12_0,topmostSubform[0].Page6[0].Table_Line55a-d[0].Row1[0].f6_12[0],6,Text,,,,
p6_topmostsubform_0_page6_0_table_line55a_d_0_row1_0_f6_13_0,topmostSubform[0].Page6[0].Table_Line55a-d[0].Row1[0].f6_13[0],6,Text,,,,
p6_topmostsubform_0_page6_0_table_line55a_d_0_row1_0_f6_14_0,topmostSubform[0].Page6[0].Table_Line55a-d[0].Row1[0].f6_14[0],6,Text,,,11,
p6_topmostsubform_0_page6_0_table_line55a_d_0_row2_0_f6_15_0,topmostSubform[0].Page6[0].Table_Line55a-d[0].Row2[0].f6_15[0],6,Text,,,,
p6_topmostsubform_0_page6_0_table_line55a_d_0_row2_0_f6_16_0,topmostSubform[0].Page6[0].Table_Line55a-d[0].Row2[0].f6_16[0],6,Text,,,,
p6_topmostsubform_0_page6_0_table_line55a_d_0_row2_0_f6_17_0,topmostSubform[0].Page6[0].Table_Line55a-d[0].Row2[0].f6_17[0],6,Text,,,,
p6_topmostsubform_0_page6_0_table_line55a_d_0_row2_0_f6_18_0,topmostSubform[0].Page6[0].Table_Line55a-d[0].Row2[0].f6_18[0],6,Text,,,11,
p6_topmostsubform_0_page6_0_table_line55a_d_0_row3_0_f6_19_0,topmostSubform[0].Page6[0].Table_Line55a-d[0].Row3[0].f6_19[0],6,Text,,,,
p6_topmostsubform_0_page6_0_table_line55a_d_0_row3_0_f6_20_0,topmostSubform[0].Page6[0].Table_Line55a-d[0].Row3[0].f6_20[0],6,Text,,,,
p6_topmostsubform_0_page6_0_table_line55a_d_0_row3_0_f6_21_0,topmostSubform[0].Page6[0].Table_Line55a-d[0].Row3[0].f6_21[0],6,Text,,,,
p6_topmostsubform_0_page6_0_table_line55a_d_0_row3_0_f6_22_0,topmostSubform[0].Page6[0].Table_Line55a-d[0].Row3[0].f6_22[0],6,Text,,,11,
p6_topmostsubform_0_page6_0_table_line55a_d_0_row4_0_f6_23_0,topmostSubform[0].Page6[0].Table_Line55a-d[0].Row4[0].f6_23[0],6,Text,,,,
p6_topmostsubform_0_page6_0_table_line55a_d_0_row4_0_f6_24_0,topmostSubform[0].Page6[0].Table_Line55a-d[0].Row4[0].f6_24[0],6,Text,,,,
p6_topmostsubform_0_page6_0_table_line55a_d_0_row4_0_f6_25_0,topmostSubform[0].Page6[0].Table_Line55a-d[0].Row4[0].f6_25[0],6,Text,,,,
p6_topmostsubform_0_page6_0_table_line55a_d_0_row4_0_f6_26_0,topmostSubform[0].Page6[0].Table_Line55a-d[0].Row4[0].f6_26[0],6,Text,,,11,
p6_topmostsubform_0_page6_0_table_line55e_g_0_row1_0_c6_3_0,topmostSubform[0].Page6[0].Table_Line55e-g[0].Row1[0].c6_3[0],6,Button,,1,,
p6_topmostsubform_0_page6_0_table_line55e_g_0_row1_0_c6_3_1,topmostSubform[0].Page6[0].Table_Line55e-g[0].Row1[0].c6_3[1],6,Button,,2,,
p6_topmostsubform_0_page6_0_table_line55e_g_0_row1_0_f6_27_0,topmostSubform[0].Page6[0].Table_Line55e-g[0].Row1[0].f6_27[0],6,Text,,,,
p6_topmostsubform_0_page6_0_table_line55e_g_0_row1_0_f6_28_0,topmostSubform[0].Page6[0].Table_Line55e-g[0].Row1[0].f6_28[0],6,Text,,,,
p6_topmostsubform_0_page6_0_table_line55e_g_0_row2_0_c6_4_0,topmostSubform[0].Page6[0].Table_Line55e-g[0].Row2[0].c6_4[0],6,Button,,1,,
p6_topmostsubform_0_page6_0_table_line55e_g_0_row2_0_c6_4_1,topmostSubform[0].Page6[0].Table_Line55e-g[0].Row2[0].c6_4[1],6,Button,,2,,
p6_topmostsubform_0_page6_0_table_line55e_g_0_row2_0_f6_29_0,topmostSubform[0].Page6[0].Table_Line55e-g[0].Row2[0].f6_29[0],6,Text,,,,
p6_topmostsubform_0_page6_0_table_line55e_g_0_row2_0_f6_30_0,topmostSubform[0].Page6[0].Table_Line55e-g[0].Row2[0].f6_30[0],6,Text,,,,
p6_topmostsubform_0_page6_0_table_line55e_g_0_row3_0_c6_5_0,topmostSubform[0].Page6[0].Table_Line55e-g[0].Row3[0].c6_5[0],6,Button,,1,,
p6_topmostsubform_0_page6_0_table_line55e_g_0_row3_0_c6_5_1,topmostSubform[0].Page6[0].Table_Line55e-g[0].Row3[0].c6_5[1],6,Button,,2,,
p6_topmostsubform_0_page6_0_table_line55e_g_0_row3_0_f6_31_0,topmostSubform[0].Page6[0].Table_Line55e-g[0].Row3[0].f6_31[0],6,Text,,,,
p6_topmostsubform_0_page6_0_table_line55e_g_0_row3_0_f6_32_0,topmostSubform[0].Page6[0].Table_Line55e-g[0].Row3[0].f6_32[0],6,Text,,,,
p6_topmostsubform_0_page6_0_table_line55e_g_0_row4_0_c6_6_0,topmostSubform[0].Page6[0].Table_Line55e-g[0].Row4[0].c6_6[0],6,Button,,1,,
p6_topmostsubform_0_page6_0_table_line55e_g_0_row4_0_c6_6_1,topmostSubform[0].Page6[0].Table_Line55e-g[0].Row4[0].c6_6[1],6,Button,,2,,
p6_topmostsubform_0_page6_0_table_line55e_g_0_row4_0_f6_33_0,topmostSubform[0].Page6[0].Table_Line55e-g[0].Row4[0].f6_33[0],6,Text,,,,
p6_topmostsubform_0_page6_0_table_line55e_g_0_row4_0_f6_34_0,topmostSubform[0].Page6[0].Table_Line55e-g[0].Row4[0].f6_34[0],6,Text,,,,
p6_topmostsubform_0_page6_0_c6_7_0_yes,topmostSubform[0].Page6[0].c6_7[0],6,Button,Yes,1,,
p6_topmostsubform_0_page6_0_c6_7_1_no,topmostSubform[0].Page6[0].c6_7[1],6,Button,No,2,,
p6_title,topmostSubform[0].Page6[0].f6_35[0],6,Text,Title,,,
p6_print_type_preparers_name,topmostSubform[0].Page6[0].f6_36[0],6,Text,Print/Type preparer’s name,,,
p6_topmostsubform_0_page6_0_c6_8_0,topmostSubform[0].Page6[0].c6_8[0],6,Button,,1,,
p6_ptin,topmostSubform[0].Page6[0].f6_37[0],6,Text,PTIN,,11,
p6_firms_name,topmostSubform[0].Page6[0].f6_38[0],6,Text,Firm’s name,,,
p6_firms_address,topmostSubform[0].Page6[0].f6_39[0],6,Text,Firm’s address,,,
p6_firms_ein,topmostSubform[0].Page6[0].f6_40[0],6,Text,Firm’s EIN,,10,
p6_phone_no,topmostSubform[0].Page6[0].f6_41[0],6,Text,Phone no.,,,
